[{"model": "housingsearch.housing", "pk": 1, "fields": {"address": "905 River Rd, Charlottesville, VA 22901", "lat": 38.036284, "long": -78.458342, "rent": 500, "bed": 3, "bath": 3, "sqft": 1000, "image": "housing/905_River_Rd_Charlottesville_VA_22901.PNG"}}, {"model": "housingsearch.housing", "pk": 2, "fields": {"address": "3105 District Ave, Charlottesville, VA 22901", "lat": 38.067513, "long": -78.492634, "rent": 600, "bed": 4, "bath": 4, "sqft": 1500, "image": "housing/3105_District_Ave_Charlottesville_VA_22901.PNG"}}, {"model": "housingsearch.housing", "pk": 3, "fields": {"address": "1000 W Main St, Charlottesville, Virginia", "lat": 38.032075, "long": -78.495441, "rent": 955, "bed": 4, "bath": 4, "sqft": 1224, "image": "housing/lark.jfif"}}, {"model": "housingsearch.housing", "pk": 4, "fields": {"address": "301 15th St NW, Charlottesville, VA 22903", "lat": 38.037343, "long": -78.499568, "rent": 1035, "bed": 4, "bath": 4, "sqft": 1466, "image": "housing/gmarc.jpg"}}, {"model": "housingsearch.rating", "pk": 1, "fields": {"housing": 1, "rate_text": "1", "rate": 1}}, {"model": "housingsearch.rating", "pk": 2, "fields": {"housing": 1, "rate_text": "2", "rate": 0}}, {"model": "housingsearch.rating", "pk": 3, "fields": {"housing": 1, "rate_text": "3", "rate": 7}}, {"model": "housingsearch.rating", "pk": 4, "fields": {"housing": 1, "rate_text": "4", "rate": 27}}, {"model": "housingsearch.rating", "pk": 5, "fields": {"housing": 1, "rate_text": "5", "rate": 40}}, {"model": "housingsearch.rating", "pk": 6, "fields": {"housing": 2, "rate_text": "1", "rate": 0}}, {"model": "housingsearch.rating", "pk": 7, "fields": {"housing": 2, "rate_text": "2", "rate": 0}}, {"model": "housingsearch.rating", "pk": 8, "fields": {"housing": 2, "rate_text": "3", "rate": 0}}, {"model": "housingsearch.rating", "pk": 9, "fields": {"housing": 2, "rate_text": "4", "rate": 0}}, {"model": "housingsearch.rating", "pk": 10, "fields": {"housing": 2, "rate_text": "5", "rate": 2}}, {"model": "housingsearch.review", "pk": 1, "fields": {"name": "gavin", "created_at": "2021-11-28T21:48:16.879Z", "housing": 1, "review_text": "dsd"}}, {"model": "housingsearch.review", "pk": 2, "fields": {"name": "gavin", "created_at": "2021-11-28T22:08:54.548Z", "housing": 1, "review_text": "dsd"}}, {"model": "housingsearch.profile", "pk": "admin", "fields": {"age": " ", "gender": " ", "school_year": " "}}, {"model": "housingsearch.profile", "pk": "andrew", "fields": {"age": "21", "gender": "male", "school_year": " "}}, {"model": "housingsearch.profile", "pk": "darrion", "fields": {"age": "21", "gender": "male", "school_year": "Third Year"}}, {"model": "housingsearch.profile", "pk": "gavin", "fields": {"age": "22", "gender": "male", "school_year": "Third Year"}}, {"model": "housingsearch.profile", "pk": "liam", "fields": {"age": "4", "gender": "male", "school_year": "Second Year"}}, {"model": "housingsearch.profile", "pk": "tianyue", "fields": {"age": "99", "gender": "male", "school_year": "Third Year"}}, {"model": "housingsearch.post", "pk": 1, "fields": {"title": "Roommate Wanted", "slug": "roommate-wanted", "author": 2, "content": "I am looking for a roommate who wants to live in an apartment on JPA. The rent is $700 a month and I am looking for a roommate who isn't too untidy. The apartment is a 2 bedroom, 2 bathroom apartment.", "status": 1, "created_at": "2021-11-13T20:27:49.722Z"}}, {"model": "housingsearch.post", "pk": 2, "fields": {"title": "3 Roommates Needed", "slug": "3-roommates-needed", "author": 4, "content": "I am looking for a roommate who wants to live in a 4 Bedroom 2 Bathroom House on 14th street. The rent is around $1000 a month not including utilities. I am looking for people who like to party, but are not too crazy.", "status": 1, "created_at": "2021-11-13T20:28:18.249Z"}}, {"model": "housingsearch.post", "pk": 4, "fields": {"title": "Looking", "slug": "looking", "author": 3, "content": "Hi!", "status": 1, "created_at": "2021-11-13T23:31:45.277Z"}}, {"model": "housingsearch.post", "pk": 5, "fields": {"title": "test", "slug": "test", "author": 3, "content": "testing", "status": 1, "created_at": "2021-11-13T23:40:48.964Z"}}, {"model": "housingsearch.post", "pk": 6, "fields": {"title": "post2", "slug": "post2", "author": 3, "content": "post222", "status": 1, "created_at": "2021-11-13T23:42:00.108Z"}}, {"model": "housingsearch.post", "pk": 7, "fields": {"title": "post3", "slug": "post3", "author": 4, "content": "333", "status": 1, "created_at": "2021-11-13T23:44:37.998Z"}}, {"model": "housingsearch.post", "pk": 8, "fields": {"title": "post4", "slug": "post4", "author": 3, "content": "444", "status": 1, "created_at": "2021-11-13T23:45:05.753Z"}}, {"model": "housingsearch.comment", "pk": 1, "fields": {"post": 1, "name": "Betty Crocker", "body": "Hi, I am interested.", "created_on": "2021-11-13T20:28:29.081Z", "active": true}}, {"model": "housingsearch.comment", "pk": 2, "fields": {"post": 2, "name": "Alex Fudge", "body": "I am interested in this!", "created_on": "2021-11-13T20:28:39.190Z", "active": true}}, {"model": "housingsearch.comment", "pk": 3, "fields": {"post": 1, "name": "Arnold Tree", "body": "I am interested in this too!", "created_on": "2021-11-13T20:31:05.675Z", "active": true}}, {"model": "housingsearch.comment", "pk": 4, "fields": {"post": 2, "name": "Tianyue Guo", "body": "hi", "created_on": "2021-11-13T23:31:29.605Z", "active": true}}, {"model": "housingsearch.comment", "pk": 5, "fields": {"post": 4, "name": "Gavin Guo", "body": "Hello", "created_on": "2021-11-13T23:31:54.962Z", "active": true}}, {"model": "housingsearch.comment", "pk": 6, "fields": {"post": 2, "name": "Hanzhi Zhou", "body": "Good", "created_on": "2021-11-13T23:32:15.756Z", "active": true}}, {"model": "housingsearch.comment", "pk": 7, "fields": {"post": 8, "name": "tianyue", "body": "haha", "created_on": "2021-11-13T23:56:37.170Z", "active": true}}, {"model": "housingsearch.comment", "pk": 8, "fields": {"post": 8, "name": "gavin", "body": "what", "created_on": "2021-11-13T23:56:50.307Z", "active": true}}, {"model": "housingsearch.comment", "pk": 9, "fields": {"post": 4, "name": "gavin", "body": "good", "created_on": "2021-11-13T23:57:05.834Z", "active": true}}, {"model": "housingsearch.advicepost", "pk": 1, "fields": {"title": "Advice", "body": "Advice content", "created_on": "2021-12-03T00:31:42.776Z"}}, {"model": "admin.logentry", "pk": 1, "fields": {"action_time": "2021-10-10T01:13:59.547Z", "user": 1, "content_type": 11, "object_id": "1", "object_repr": "Google Login", "action_flag": 1, "change_message": "[{\"added\": {}}]"}}, {"model": "admin.logentry", "pk": 2, "fields": {"action_time": "2021-10-10T01:17:51.730Z", "user": 1, "content_type": 7, "object_id": "1", "object_repr": "googlelogin.com", "action_flag": 2, "change_message": "[{\"changed\": {\"fields\": [\"Domain name\", \"Display name\"]}}]"}}, {"model": "admin.logentry", "pk": 3, "fields": {"action_time": "2021-10-10T01:19:19.865Z", "user": 1, "content_type": 11, "object_id": "1", "object_repr": "Google Login", "action_flag": 2, "change_message": "[]"}}, {"model": "admin.logentry", "pk": 4, "fields": {"action_time": "2021-10-10T01:23:02.945Z", "user": 1, "content_type": 11, "object_id": "1", "object_repr": "Google Login", "action_flag": 2, "change_message": "[]"}}, {"model": "admin.logentry", "pk": 5, "fields": {"action_time": "2021-10-10T01:35:33.947Z", "user": 1, "content_type": 11, "object_id": "1", "object_repr": "Google Login", "action_flag": 2, "change_message": "[]"}}, {"model": "admin.logentry", "pk": 6, "fields": {"action_time": "2021-10-10T01:37:27.110Z", "user": 1, "content_type": 11, "object_id": "1", "object_repr": "Google Login", "action_flag": 2, "change_message": "[]"}}, {"model": "admin.logentry", "pk": 7, "fields": {"action_time": "2021-10-14T23:58:35.873Z", "user": 5, "content_type": 7, "object_id": "1", "object_repr": "127.0.0.1:8000", "action_flag": 2, "change_message": "[{\"changed\": {\"fields\": [\"Domain name\", \"Display name\"]}}]"}}, {"model": "admin.logentry", "pk": 8, "fields": {"action_time": "2021-10-15T00:00:42.673Z", "user": 5, "content_type": 11, "object_id": "2", "object_repr": "Off-grounds-housing", "action_flag": 1, "change_message": "[{\"added\": {}}]"}}, {"model": "admin.logentry", "pk": 9, "fields": {"action_time": "2021-10-24T01:53:00.371Z", "user": 5, "content_type": 13, "object_id": "1", "object_repr": "Housing object (1)", "action_flag": 1, "change_message": "[{\"added\": {}}]"}}, {"model": "admin.logentry", "pk": 10, "fields": {"action_time": "2021-10-24T01:53:26.300Z", "user": 5, "content_type": 13, "object_id": "2", "object_repr": "Housing object (2)", "action_flag": 1, "change_message": "[{\"added\": {}}]"}}, {"model": "admin.logentry", "pk": 11, "fields": {"action_time": "2021-10-24T03:31:32.970Z", "user": 5, "content_type": 13, "object_id": "1", "object_repr": "Housing object (1)", "action_flag": 2, "change_message": "[{\"added\": {\"name\": \"review\", \"object\": \"Review object (1)\"}}, {\"added\": {\"name\": \"review\", \"object\": \"Review object (2)\"}}, {\"added\": {\"name\": \"review\", \"object\": \"Review object (3)\"}}, {\"added\": {\"name\": \"review\", \"object\": \"Review object (4)\"}}, {\"added\": {\"name\": \"review\", \"object\": \"Review object (5)\"}}]"}}, {"model": "admin.logentry", "pk": 12, "fields": {"action_time": "2021-10-24T03:31:41.266Z", "user": 5, "content_type": 13, "object_id": "2", "object_repr": "Housing object (2)", "action_flag": 2, "change_message": "[{\"added\": {\"name\": \"review\", \"object\": \"Review object (6)\"}}, {\"added\": {\"name\": \"review\", \"object\": \"Review object (7)\"}}, {\"added\": {\"name\": \"review\", \"object\": \"Review object (8)\"}}, {\"added\": {\"name\": \"review\", \"object\": \"Review object (9)\"}}, {\"added\": {\"name\": \"review\", \"object\": \"Review object (10)\"}}]"}}, {"model": "admin.logentry", "pk": 13, "fields": {"action_time": "2021-10-29T03:31:58.870Z", "user": 5, "content_type": 13, "object_id": "1", "object_repr": "Housing object (1)", "action_flag": 2, "change_message": "[{\"added\": {\"name\": \"rating\", \"object\": \"Rating object (1)\"}}, {\"added\": {\"name\": \"rating\", \"object\": \"Rating object (2)\"}}, {\"added\": {\"name\": \"rating\", \"object\": \"Rating object (3)\"}}, {\"added\": {\"name\": \"rating\", \"object\": \"Rating object (4)\"}}, {\"added\": {\"name\": \"rating\", \"object\": \"Rating object (5)\"}}]"}}, {"model": "admin.logentry", "pk": 14, "fields": {"action_time": "2021-10-29T03:32:08.505Z", "user": 5, "content_type": 13, "object_id": "2", "object_repr": "Housing object (2)", "action_flag": 2, "change_message": "[{\"added\": {\"name\": \"rating\", \"object\": \"Rating object (6)\"}}, {\"added\": {\"name\": \"rating\", \"object\": \"Rating object (7)\"}}, {\"added\": {\"name\": \"rating\", \"object\": \"Rating object (8)\"}}, {\"added\": {\"name\": \"rating\", \"object\": \"Rating object (9)\"}}, {\"added\": {\"name\": \"rating\", \"object\": \"Rating object (10)\"}}]"}}, {"model": "admin.logentry", "pk": 15, "fields": {"action_time": "2021-11-06T21:39:05.863Z", "user": 5, "content_type": 13, "object_id": "1", "object_repr": "Housing object (1)", "action_flag": 2, "change_message": "[{\"changed\": {\"fields\": [\"Address\"]}}, {\"deleted\": {\"name\": \"review\", \"object\": \"Review object (None)\"}}, {\"deleted\": {\"name\": \"review\", \"object\": \"Review object (None)\"}}, {\"deleted\": {\"name\": \"review\", \"object\": \"Review object (None)\"}}]"}}, {"model": "admin.logentry", "pk": 16, "fields": {"action_time": "2021-11-06T21:39:36.482Z", "user": 5, "content_type": 13, "object_id": "2", "object_repr": "Housing object (2)", "action_flag": 2, "change_message": "[{\"changed\": {\"fields\": [\"Address\"]}}]"}}, {"model": "admin.logentry", "pk": 17, "fields": {"action_time": "2021-11-06T21:39:42.026Z", "user": 5, "content_type": 13, "object_id": "2", "object_repr": "Housing object (2)", "action_flag": 2, "change_message": "[]"}}, {"model": "admin.logentry", "pk": 18, "fields": {"action_time": "2021-11-06T21:43:12.924Z", "user": 5, "content_type": 13, "object_id": "1", "object_repr": "Housing object (1)", "action_flag": 2, "change_message": "[{\"changed\": {\"fields\": [\"Address\"]}}]"}}, {"model": "admin.logentry", "pk": 19, "fields": {"action_time": "2021-11-06T21:43:28.942Z", "user": 5, "content_type": 13, "object_id": "1", "object_repr": "Housing object (1)", "action_flag": 2, "change_message": "[{\"changed\": {\"fields\": [\"Address\"]}}]"}}, {"model": "admin.logentry", "pk": 20, "fields": {"action_time": "2021-11-12T00:01:07.146Z", "user": 5, "content_type": 13, "object_id": "1", "object_repr": "Housing object (1)", "action_flag": 2, "change_message": "[{\"deleted\": {\"name\": \"review\", \"object\": \"Review object (None)\"}}, {\"deleted\": {\"name\": \"review\", \"object\": \"Review object (None)\"}}]"}}, {"model": "admin.logentry", "pk": 21, "fields": {"action_time": "2021-11-12T00:01:59.439Z", "user": 5, "content_type": 13, "object_id": "2", "object_repr": "Housing object (2)", "action_flag": 2, "change_message": "[{\"changed\": {\"fields\": [\"Image\"]}}]"}}, {"model": "admin.logentry", "pk": 22, "fields": {"action_time": "2021-11-12T00:14:20.944Z", "user": 5, "content_type": 13, "object_id": "1", "object_repr": "Housing object (1)", "action_flag": 2, "change_message": "[{\"changed\": {\"fields\": [\"Image\"]}}]"}}, {"model": "admin.logentry", "pk": 23, "fields": {"action_time": "2021-11-12T00:14:40.981Z", "user": 5, "content_type": 13, "object_id": "2", "object_repr": "Housing object (2)", "action_flag": 2, "change_message": "[{\"changed\": {\"fields\": [\"Image\"]}}]"}}, {"model": "admin.logentry", "pk": 24, "fields": {"action_time": "2021-11-13T06:24:37.959Z", "user": 5, "content_type": 17, "object_id": "gavin", "object_repr": "Profile object (gavin)", "action_flag": 3, "change_message": ""}}, {"model": "admin.logentry", "pk": 25, "fields": {"action_time": "2021-11-13T06:24:37.966Z", "user": 5, "content_type": 17, "object_id": "gavin", "object_repr": "Profile object (gavin)", "action_flag": 3, "change_message": ""}}, {"model": "admin.logentry", "pk": 26, "fields": {"action_time": "2021-11-13T06:24:37.970Z", "user": 5, "content_type": 17, "object_id": "gavin", "object_repr": "Profile object (gavin)", "action_flag": 3, "change_message": ""}}, {"model": "admin.logentry", "pk": 27, "fields": {"action_time": "2021-11-13T06:24:37.976Z", "user": 5, "content_type": 17, "object_id": "gavin", "object_repr": "Profile object (gavin)", "action_flag": 3, "change_message": ""}}, {"model": "admin.logentry", "pk": 28, "fields": {"action_time": "2021-11-13T06:24:37.981Z", "user": 5, "content_type": 17, "object_id": "admin_gavin", "object_repr": "Profile object (admin_gavin)", "action_flag": 3, "change_message": ""}}, {"model": "admin.logentry", "pk": 29, "fields": {"action_time": "2021-11-13T23:29:50.989Z", "user": 1, "content_type": 18, "object_id": "3", "object_repr": "e", "action_flag": 3, "change_message": ""}}, {"model": "admin.logentry", "pk": 30, "fields": {"action_time": "2021-11-13T23:30:03.393Z", "user": 1, "content_type": 18, "object_id": "2", "object_repr": "3 Roommates Needed", "action_flag": 2, "change_message": "[{\"changed\": {\"fields\": [\"Slug\"]}}]"}}, {"model": "admin.logentry", "pk": 31, "fields": {"action_time": "2021-11-13T23:30:11.796Z", "user": 1, "content_type": 18, "object_id": "1", "object_repr": "Roommate Wanted", "action_flag": 2, "change_message": "[{\"changed\": {\"fields\": [\"Slug\"]}}]"}}, {"model": "admin.logentry", "pk": 32, "fields": {"action_time": "2021-11-28T20:50:15.692Z", "user": 5, "content_type": 13, "object_id": "1", "object_repr": "Housing object (1)", "action_flag": 2, "change_message": "[{\"deleted\": {\"name\": \"review\", \"object\": \"Review object (None)\"}}, {\"deleted\": {\"name\": \"review\", \"object\": \"Review object (None)\"}}, {\"deleted\": {\"name\": \"review\", \"object\": \"Review object (None)\"}}, {\"deleted\": {\"name\": \"review\", \"object\": \"Review object (None)\"}}, {\"deleted\": {\"name\": \"review\", \"object\": \"Review object (None)\"}}, {\"deleted\": {\"name\": \"review\", \"object\": \"Review object (None)\"}}, {\"deleted\": {\"name\": \"review\", \"object\": \"Review object (None)\"}}, {\"deleted\": {\"name\": \"review\", \"object\": \"Review object (None)\"}}, {\"deleted\": {\"name\": \"review\", \"object\": \"Review object (None)\"}}, {\"deleted\": {\"name\": \"review\", \"object\": \"Review object (None)\"}}, {\"deleted\": {\"name\": \"review\", \"object\": \"Review object (None)\"}}, {\"deleted\": {\"name\": \"review\", \"object\": \"Review object (None)\"}}, {\"deleted\": {\"name\": \"review\", \"object\": \"Review object (None)\"}}, {\"deleted\": {\"name\": \"review\", \"object\": \"Review object (None)\"}}, {\"deleted\": {\"name\": \"review\", \"object\": \"Review object (None)\"}}]"}}, {"model": "admin.logentry", "pk": 33, "fields": {"action_time": "2021-11-28T20:50:31.147Z", "user": 5, "content_type": 13, "object_id": "2", "object_repr": "Housing object (2)", "action_flag": 2, "change_message": "[{\"deleted\": {\"name\": \"review\", \"object\": \"Review object (None)\"}}]"}}, {"model": "admin.logentry", "pk": 34, "fields": {"action_time": "2021-11-28T21:05:43.832Z", "user": 5, "content_type": 13, "object_id": "1", "object_repr": "Housing object (1)", "action_flag": 2, "change_message": "[{\"deleted\": {\"name\": \"review\", \"object\": \"Review object (None)\"}}, {\"deleted\": {\"name\": \"review\", \"object\": \"Review object (None)\"}}]"}}, {"model": "admin.logentry", "pk": 35, "fields": {"action_time": "2021-11-28T21:21:05.023Z", "user": 5, "content_type": 13, "object_id": "1", "object_repr": "Housing object (1)", "action_flag": 2, "change_message": "[{\"deleted\": {\"name\": \"review\", \"object\": \"Review object (None)\"}}, {\"deleted\": {\"name\": \"review\", \"object\": \"Review object (None)\"}}, {\"deleted\": {\"name\": \"review\", \"object\": \"Review object (None)\"}}, {\"deleted\": {\"name\": \"review\", \"object\": \"Review object (None)\"}}, {\"deleted\": {\"name\": \"review\", \"object\": \"Review object (None)\"}}]"}}, {"model": "admin.logentry", "pk": 36, "fields": {"action_time": "2021-11-28T21:33:47.181Z", "user": 5, "content_type": 13, "object_id": "1", "object_repr": "Housing object (1)", "action_flag": 2, "change_message": "[{\"deleted\": {\"name\": \"review\", \"object\": \"Review object (None)\"}}, {\"deleted\": {\"name\": \"review\", \"object\": \"Review object (None)\"}}]"}}, {"model": "admin.logentry", "pk": 37, "fields": {"action_time": "2021-11-28T21:43:36.316Z", "user": 5, "content_type": 13, "object_id": "1", "object_repr": "Housing object (1)", "action_flag": 2, "change_message": "[{\"deleted\": {\"name\": \"review\", \"object\": \"Review object (None)\"}}, {\"deleted\": {\"name\": \"review\", \"object\": \"Review object (None)\"}}, {\"deleted\": {\"name\": \"review\", \"object\": \"Review object (None)\"}}, {\"deleted\": {\"name\": \"review\", \"object\": \"Review object (None)\"}}]"}}, {"model": "admin.logentry", "pk": 38, "fields": {"action_time": "2021-11-28T21:45:26.734Z", "user": 5, "content_type": 13, "object_id": "1", "object_repr": "Housing object (1)", "action_flag": 2, "change_message": "[{\"deleted\": {\"name\": \"review\", \"object\": \"Review object (None)\"}}]"}}, {"model": "admin.logentry", "pk": 39, "fields": {"action_time": "2021-11-29T22:23:05.984Z", "user": 1, "content_type": 13, "object_id": "3", "object_repr": "Housing object (3)", "action_flag": 1, "change_message": "[{\"added\": {}}]"}}, {"model": "admin.logentry", "pk": 40, "fields": {"action_time": "2021-11-29T22:25:55.146Z", "user": 1, "content_type": 13, "object_id": "4", "object_repr": "Housing object (4)", "action_flag": 1, "change_message": "[{\"added\": {}}]"}}, {"model": "auth.user", "pk": 1, "fields": {"password": "pbkdf2_sha256$260000$rtM7pJtWQR5h3gK0tqmJek$t2HR1PvauOgSYlkgwZ+t46PW0CC+T2rCabv9lrzHRTg=", "last_login": "2021-11-29T22:20:52.943Z", "is_superuser": true, "username": "admin", "first_name": "", "last_name": "", "email": "acl2mf@virginia.edu", "is_staff": true, "is_active": true, "date_joined": "2021-10-10T00:41:10.228Z", "groups": [], "user_permissions": []}}, {"model": "auth.user", "pk": 2, "fields": {"password": "!Ek65EN2wygIegxH4EnMsiQ08ckKyjRXMwRsXX2KY", "last_login": "2021-11-21T22:31:56.072Z", "is_superuser": false, "username": "andrew", "first_name": "Andrew", "last_name": "Lin", "email": "", "is_staff": false, "is_active": true, "date_joined": "2021-10-10T01:42:57.663Z", "groups": [], "user_permissions": []}}, {"model": "auth.user", "pk": 3, "fields": {"password": "!861g1KmqxtnWEjPra5eo0tTKlpBb7r4O6gmwcLRT", "last_login": "2021-11-28T22:26:13.300Z", "is_superuser": false, "username": "tianyue", "first_name": "Tianyue", "last_name": "Guo", "email": "", "is_staff": false, "is_active": true, "date_joined": "2021-10-14T01:41:14.229Z", "groups": [], "user_permissions": []}}, {"model": "auth.user", "pk": 4, "fields": {"password": "!L02pYlAvkRLPiOzRRQIz2H3Nhu18VBzlPmbWJQAO", "last_login": "2021-12-03T00:31:16.562Z", "is_superuser": false, "username": "gavin", "first_name": "Gavin", "last_name": "Guo", "email": "", "is_staff": false, "is_active": true, "date_joined": "2021-10-14T02:25:10.209Z", "groups": [], "user_permissions": []}}, {"model": "auth.user", "pk": 5, "fields": {"password": "pbkdf2_sha256$260000$BScCByWy7me6uyLOhPZXQl$KPENnRxYCfuXptiyrCjMIfQcHxmwrNUXO6X3YDLCtww=", "last_login": "2021-11-28T21:45:20.666Z", "is_superuser": true, "username": "admin_gavin", "first_name": "", "last_name": "", "email": "tg2vpw@virginia.edu", "is_staff": true, "is_active": true, "date_joined": "2021-10-14T23:54:28.336Z", "groups": [], "user_permissions": []}}, {"model": "auth.user", "pk": 6, "fields": {"password": "!oNMQjoe6xFYy5E9WWzfdF39h9qR6067jm40FxNq9", "last_login": "2021-11-14T18:27:07.327Z", "is_superuser": false, "username": "sashank", "first_name": "Sashank", "last_name": "Kotha", "email": "sk3wjc@virginia.edu", "is_staff": false, "is_active": true, "date_joined": "2021-11-14T18:27:07.304Z", "groups": [], "user_permissions": []}}, {"model": "auth.user", "pk": 7, "fields": {"password": "!ab6jqB7FQXeDIpLvIn711GGE9UVuVSAZrBrbFIn0", "last_login": "2021-12-02T18:07:17.140Z", "is_superuser": false, "username": "darrion", "first_name": "Darrion", "last_name": "Chandler", "email": "djc3mu@virginia.edu", "is_staff": false, "is_active": true, "date_joined": "2021-11-14T19:44:48.215Z", "groups": [], "user_permissions": []}}, {"model": "auth.user", "pk": 8, "fields": {"password": "!TBkEauC5sZN8yIrnto8wUyJZG1uo6DtUCv1InS8T", "last_login": "2021-11-30T03:24:55.827Z", "is_superuser": false, "username": "liam", "first_name": "Liam", "last_name": "Tracey27", "email": "liam.tracey27@gmail.com", "is_staff": false, "is_active": true, "date_joined": "2021-11-15T19:22:24.257Z", "groups": [], "user_permissions": []}}, {"model": "sessions.session", "pk": "2aph16q55c3zgw115ipt0x7ojsi8q9vt", "fields": {"session_data": "e30:1mlfle:3c-RF35-4elH2corbiUCtdR3nXXRWD9hBiaQ7n5C6To", "expire_date": "2021-11-26T23:15:34.314Z"}}, {"model": "sessions.session", "pk": "3smeyogkvnnqbnkrm99nzdlon2x1ayky", "fields": {"session_data": ".eJxVjMEKwyAQRP_Fcwm6VbPprfmRsO4qCQ0GGj2V_ntNyaG9DMy8mXmpiWqZp7rH57SIuilQl98sED9iPgCt6xF3xLzVXLpv58R7d28u5rIwlWXL47n6u5ppn9tPL1onYItIPVpxQ8REgo6NdiaA1R4siwzSxCajgXWIiTANwV89gXp_AMBrPNE:1movNM:hmKlMkUa74baFjD_C03tpy7tzlUq82WxuAJ7o51G2Fw", "expire_date": "2021-12-05T22:31:56.076Z"}}, {"model": "sessions.session", "pk": "481ta6ok3zv7uaimb3n2ao7fefowmlud", "fields": {"session_data": ".eJxVjMEKwyAQRP_Fcwm6VbPprfmRsO4qCQ0GGj2V_ntNyaG9DMy8mXmpiWqZp7rH57SIuilQl98sED9iPgCt6xF3xLzVXLpv58R7d28u5rIwlWXL47n6u5ppn9tPL1onYItIPVpxQ8REgo6NdiaA1R4siwzSxCajgXWIiTANwV89gXp_AMBrPNE:1mlzax:WepSqXT42z9s0adVz-2Okzsl6o3669UX52E9WQfaJ9Y", "expire_date": "2021-11-27T20:25:51.077Z"}}, {"model": "sessions.session", "pk": "5apg2ueimvnevw2tsnnvb8qdvvq4l4ve", "fields": {"session_data": "e30:1mlfUK:usMeIdx8qTYAKRYplhkCLmvRhqqxMg3bE5jhfN7YChM", "expire_date": "2021-11-26T22:57:40.097Z"}}, {"model": "sessions.session", "pk": "6q0gf7qasq8n6m8gecay01q5k4vboi8t", "fields": {"session_data": ".eJxVjMsOgjAURP-la9OUWwroTn6kuS_SRlISKSvjvwuGhS7nzMx5mYhbTXFb9RmzmJvpzeWXEfJDy1HgPB_YIvOylWq_m7Ne7X1PWmpmrHkp4_n6UyVc0-4h6AIGYPAkvlGSK9NEbkCkoC2zQMvB9-AUmyAQvIqblH2nMnh0YN4f6XE9cA:1mrnDr:7NvPPjrGZQV23onz6L4bLlwidEr_bY5H3YM4uIhdtPI", "expire_date": "2021-12-13T20:25:59.262Z"}}, {"model": "sessions.session", "pk": "a1cm7dbgr9jxk58ecla02vddcs6o532j", "fields": {"session_data": ".eJxVjMsOgjAURP-la9OUWwroTn6kuS_SRlISKSvjvwuGhS7nzMx5mYhbTXFb9RmzmJvpzeWXEfJDy1HgPB_YIvOylWq_m7Ne7X1PWmpmrHkp4_n6UyVc0-4h6AIGYPAkvlGSK9NEbkCkoC2zQMvB9-AUmyAQvIqblH2nMnh0YN4f6XE9cA:1msqUH:fEfconz8ESJIHXqhj-HBJ8TOW4zOVPJdIl3X2s57PvI", "expire_date": "2021-12-16T18:07:17.182Z"}}, {"model": "sessions.session", "pk": "hgk4llcdbd1ar647l1p7owls29adegrx", "fields": {"session_data": "e30:1mge13:GNy_ICUwzXEarDKphqVdSJaHkFeRPAsyYVUp28V-pa8", "expire_date": "2021-11-13T02:22:41.260Z"}}, {"model": "sessions.session", "pk": "k7btxk6462lantdcqkiao5268cijc4ds", "fields": {"session_data": "e30:1mlfls:FBb4PGNgUHkOtHJS2iUGU4bvnysfLDwOknKKsHCZfxo", "expire_date": "2021-11-26T23:15:48.148Z"}}, {"model": "sessions.session", "pk": "kug9io5lpnvdgqqusawdiqe2l0pmhhi0", "fields": {"session_data": ".eJxVjMEOgyAQRP-Fc2MWUQRv7Y-QZVkiKcVEpZem_15tvHicNzPvI5BormVzb15STBwcvzBlMZaa8004rNvk6sqLS0GMwogL80hPLkeBOR-4OXXNf3PWa3PfE5ctEW5pLo_zdVFNuE67J0hkCVF1ykIbew8ejDes0WiyEfUAVhP4QGh7MBKUUVa3JGGw1nc6iu8PfapHIQ:1mmhYe:CrJhTed2--lVDLT7LlRDYLzp-0mSCPLF-koUCbcyvcs", "expire_date": "2021-11-29T19:22:24.515Z"}}, {"model": "sessions.session", "pk": "p1rqgolf1d4x2l45q1jew34kaef1x7qd", "fields": {"session_data": ".eJxVjMEOgyAQRP9lz41BBUFv7Y-QZXeNpBSTCr00_ffWxovHeTPz3oBEa83Fv-QZ5yjs5YExwZRrShfwWMvi6yZPHxkmGODEAtJd8l5gSjtuDl3z3xz11lx_SXKJhCWu-Xa8TqoFt2X3kFGDUxbZcKs0OTVqFk1itRU39sGQdEEGo5Xt5r5v2VhsXeDZjGSI4PMFgBRH5A:1mmKDb:P85CW4F-VEY7kALK1M0aMRt0f5pT7DmP5nsSM6lj0wg", "expire_date": "2021-11-28T18:27:07.330Z"}}, {"model": "sessions.session", "pk": "wqyriiabq9iw76bhs2myscrooq0h00rp", "fields": {"session_data": ".eJxVjMEKwyAQRP_Fcwm6VbPprfmRsO4qCQ0GGj2V_ntNyaG9DMy8mXmpiWqZp7rH57SIuilQl98sED9iPgCt6xF3xLzVXLpv58R7d28u5rIwlWXL47n6u5ppn9tPL1onYItIPVpxQ8REgo6NdiaA1R4siwzSxCajgXWIiTANwV89gXp_AMBrPNE:1mZO0d:cyicW1yRB7Cq1TJi26nJ3_8F6OvAuI_cFTSUjQ4vteo", "expire_date": "2021-10-24T01:52:15.381Z"}}, {"model": "sessions.session", "pk": "wrza9bmrzuhwzervxuh2s5nyotdcpl8p", "fields": {"session_data": ".eJxVjMEOwiAQRP-Fs2mW0lLWm_4IWRYIxIYmAifjv9uaHvQ4b2beS1jqLdlew9NmL67CiMsvc8SPUI6C1vXAAzFvvbThuznrOtz2FErLTC1v5X6-_lSJato9XlKQENWkEMY4O3BgnAmajGaMpBdAzeA8E85gJCijUI8sYUF0k47i_QG3RDu7:1mrtlH:KH3zmF8q4MakDprQ83wMDeR7s8lW5-MCxZWYXSeH-b4", "expire_date": "2021-12-14T03:24:55.840Z"}}, {"model": "sessions.session", "pk": "xgd1s5jc35pe9wzmwu0cetqwhlu497j9", "fields": {"session_data": ".eJxVjDEOwyAQBP9CHSE4wKCU6fMGxHEQnEQgGbuy8vdgyUXSbDE7uzvzYVuL33pa_Ezsygy7_DIM8ZXqUdAz1EfjsdV1mZEfCj_bzu-N0vt2un8HJfQy1lnBkBFSTpaycwZETmHSiBGyloqkGpSmkRaEMBGdU9a4LCSQJmCfLw9AODU:1meU1L:Q-gyZ5_SSld8Y6l1y9cj4PiD4hamjATavPHVR58xjFY", "expire_date": "2021-11-07T03:18:03.255Z"}}, {"model": "sessions.session", "pk": "z4mg2qd1nmi4efzpj5goy0st2c2s0lmg", "fields": {"session_data": ".eJxVjMEOgjAQRP-lZ0Nod1PAm_4I2e5u00ZSEmlPxn8XDAc9zpuZ9zIztZrmtulzzmKuBs3llwXih5ajoGU5cEfMayu1-27Oeutue9JSM1PNa7mfrz9Voi3tHmFB20tQtZ5BYJqCiwGAACBI1ICjoJfofSQmtkBOaUQYLLph6NG8P_IAPSM:1mge2b:0SLx0xsL0nqKzuktbowJV9RfYSnnJjrOuIltv76lx14", "expire_date": "2021-11-13T02:24:17.585Z"}}, {"model": "sites.site", "pk": 1, "fields": {"domain": "127.0.0.1:8000", "name": "127.0.0.1:8000"}}, {"model": "account.emailaddress", "pk": 1, "fields": {"user": 6, "email": "sk3wjc@virginia.edu", "verified": true, "primary": true}}, {"model": "account.emailaddress", "pk": 2, "fields": {"user": 7, "email": "djc3mu@virginia.edu", "verified": true, "primary": true}}, {"model": "account.emailaddress", "pk": 3, "fields": {"user": 8, "email": "liam.tracey27@gmail.com", "verified": true, "primary": true}}, {"model": "socialaccount.socialapp", "pk": 1, "fields": {"provider": "google", "name": "Google Login", "client_id": "1002033458028-lcd8rr2radlhc4079urljfjtg15kkagb.apps.googleusercontent.com", "secret": "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", "key": "", "sites": []}}, {"model": "socialaccount.socialapp", "pk": 2, "fields": {"provider": "google", "name": "Off-grounds-housing", "client_id": "851871674717-m4i4fuhdh1m80hjpo5ce9o703rbmijnr.apps.googleusercontent.com", "secret": "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", "key": "", "sites": [1]}}, {"model": "socialaccount.socialaccount", "pk": 1, "fields": {"user": 2, "provider": "google", "uid": "110912470100844892782", "last_login": "2021-11-21T22:31:56.059Z", "date_joined": "2021-10-10T01:42:57.674Z", "extra_data": "{\"id\": \"110912470100844892782\", \"email\": \"acl2mf@virginia.edu\", \"verified_email\": true, \"name\": \"Andrew Lin\", \"given_name\": \"Andrew\", \"family_name\": \"Lin\", \"picture\": \"https://lh3.googleusercontent.com/a/AATXAJyRm-v8O9Ti2G0DcfnY0N_otazV-zFdKQyyxuQF=s96-c\", \"locale\": \"en\", \"hd\": \"virginia.edu\"}"}}, {"model": "socialaccount.socialaccount", "pk": 2, "fields": {"user": 3, "provider": "google", "uid": "100172205091257857862", "last_login": "2021-11-28T22:26:13.287Z", "date_joined": "2021-10-14T01:41:14.251Z", "extra_data": "{\"id\": \"100172205091257857862\", \"email\": \"tg2vpw@virginia.edu\", \"verified_email\": true, \"name\": \"Tianyue Guo\", \"given_name\": \"Tianyue\", \"family_name\": \"Guo\", \"picture\": \"https://lh3.googleusercontent.com/a/AATXAJxBYLs2QA6IefUy0C7rriyihHlCAUFLxgVGlPDD=s96-c\", \"locale\": \"en\", \"hd\": \"virginia.edu\"}"}}, {"model": "socialaccount.socialaccount", "pk": 3, "fields": {"user": 4, "provider": "google", "uid": "100643164680706466084", "last_login": "2021-12-03T00:31:16.511Z", "date_joined": "2021-10-14T02:25:10.232Z", "extra_data": "{\"id\": \"100643164680706466084\", \"email\": \"guotianyue810@gmail.com\", \"verified_email\": true, \"name\": \"Gavin Guo\", \"given_name\": \"Gavin\", \"family_name\": \"Guo\", \"picture\": \"https://lh3.googleusercontent.com/a/AATXAJyeFG-RSoyTdILuRjwNavuuSCXukbl5mheiVyM=s96-c\", \"locale\": \"en-GB\"}"}}, {"model": "socialaccount.socialaccount", "pk": 4, "fields": {"user": 6, "provider": "google", "uid": "110887776758567676743", "last_login": "2021-11-14T18:27:07.316Z", "date_joined": "2021-11-14T18:27:07.316Z", "extra_data": "{\"id\": \"110887776758567676743\", \"email\": \"sk3wjc@virginia.edu\", \"verified_email\": true, \"name\": \"Sashank Kotha\", \"given_name\": \"Sashank\", \"family_name\": \"Kotha\", \"picture\": \"https://lh3.googleusercontent.com/a/AATXAJzXmulpD1evGZAGjPPH-3imvuaBCz73LyU7BtlL=s96-c\", \"locale\": \"en\", \"hd\": \"virginia.edu\"}"}}, {"model": "socialaccount.socialaccount", "pk": 5, "fields": {"user": 7, "provider": "google", "uid": "105171025586705616565", "last_login": "2021-12-02T18:07:17.076Z", "date_joined": "2021-11-14T19:44:48.252Z", "extra_data": "{\"id\": \"105171025586705616565\", \"email\": \"djc3mu@virginia.edu\", \"verified_email\": true, \"name\": \"Darrion Chandler\", \"given_name\": \"Darrion\", \"family_name\": \"Chandler\", \"picture\": \"https://lh3.googleusercontent.com/a/AATXAJzztgGQK7MGSohgIMOiAeXKpoZVdwh9PIHytxz1=s96-c\", \"locale\": \"en\", \"hd\": \"virginia.edu\"}"}}, {"model": "socialaccount.socialaccount", "pk": 6, "fields": {"user": 8, "provider": "google", "uid": "107764855443408853217", "last_login": "2021-11-30T03:24:55.795Z", "date_joined": "2021-11-15T19:22:24.352Z", "extra_data": "{\"id\": \"107764855443408853217\", \"email\": \"liam.tracey27@gmail.com\", \"verified_email\": true, \"name\": \"Liam Tracey27\", \"given_name\": \"Liam\", \"family_name\": \"Tracey27\", \"picture\": \"https://lh3.googleusercontent.com/a-/AOh14Gj51X9Sr-4_KfaJAey1Xzb2ShDkjhyeKWeW89-3BQ=s96-c\", \"locale\": \"en\"}"}}]